user_id,name,email,age
5e9f8f8f-9cfc-4b9e-bb98-f3b4cf01e88e,John Doe,john.doe@example.com,34
a3c46df9-e734-4125-8677-1a8b5ac0c6b4,Jane Smith,jane.smith@example.com,28
4b601b69-e754-4fd8-9ac6-2c15f57b6bd8,David Johnson,david.johnson@example.com,45
bc5b1cc7-e7c5-4a99-8b10-b79d0e7f327f,Alice Brown,alice.brown@example.com,31
e3b0c442-98fc-4be9-ae5e-7e6a03b3ff5b,Bob Lee,bob.lee@example.com,39
81a8b1be-f7d7-4be2-a0fc-b2a8dbfcaf28,Eva Davis,eva.davis@example.com,24
9c8fbc8d-e458-408f-abc0-83fc9b5df2d1,Chris Evans,chris.evans@example.com,51
712a6c28-f55d-4f30-90c3-4a5db5f78f26,Nancy Drew,nancy.drew@example.com,27
2fbded14-2a6f-4f37-9517-7fd4c8d1b3cb,Tom Holland,tom.holland@example.com,30
c84d019c-e053-4c3d-a62f-f9e44b73f3d5,Emma Stone,emma.stone@example.com,42
d126748e-2a7c-4cb6-8c88-1aebfc89e702,Mike Ross,mike.ross@example.com,33
afd56e42-bcf7-41c1-a490-f13bde12a3ab,Rachel Zane,rachel.zane@example.com,29
b3f91a53-670e-4b0c-bb39-7fdff9b43584,Harvey Specter,harvey.specter@example.com,40
7e527e3c-146b-4aa9-979c-53b1ea7cc6cc,Jessica Pearson,jessica.pearson@example.com,46
67c2aadc-fbfc-4967-8e12-b4e5d814a8db,Louis Litt,louis.litt@example.com,50
1ab4971b-5f94-40cf-9009-fd1c8579eb5e,Katrina Bennett,katrina.bennett@example.com,35
a4bb93cc-96cd-4414-b33f-6880df14e7e9,Sheila Sazs,sheila.sazs@example.com,38
d134b7cc-d636-43ae-8436-f152a370ebf9,Jeff Malone,jeff.malone@example.com,41
f7e1241e-21ef-4203-9f27-2b6a4ea4eb7a,Donna Paulsen, donna.paulsen@example.com,36
a6bfbab6-96be-49d5-81c3-26cb6cf8c64b,Scottie scottie@example.com,32
